<?xml version="1.0" encoding="UTF-8"?>
<beans xmlns="http://www.springframework.org/schema/beans"
	   xmlns:xsi="http://www.w3.org/2001/XMLSchema-instance"
	   xmlns:mybatis-spring="http://mybatis.org/schema/mybatis-spring"
	   xmlns:context="http://www.springframework.org/schema/context"
	   xmlns:aop="http://www.springframework.org/schema/aop"
	   xmlns:tx="http://www.springframework.org/schema/tx"
	   xsi:schemaLocation="http://mybatis.org/schema/mybatis-spring http://mybatis.org/schema/mybatis-spring-1.2.xsd
      http://www.springframework.org/schema/beans https://www.springframework.org/schema/beans/spring-beans.xsd
      http://www.springframework.org/schema/context http://www.springframework.org/schema/context/spring-context-4.3.xsd
      http://www.springframework.org/schema/aop http://www.springframework.org/schema/aop/spring-aop-4.3.xsd
      http://www.springframework.org/schema/tx http://www.springframework.org/schema/tx/spring-tx-4.3.xsd">

	<!-- bean: 객체를 생성하는 태크 -->
	<!--  DB 연결 -->

	<bean id="hikariConfig" class="com.zaxxer.hikari.HikariConfig">
		<property name="driverClassName"
				  value="com.mysql.cj.jdbc.Driver"></property>
		<property name="jdbcUrl"
				  value="jdbc:mysql://localhost:3306/sim_plane_db"></property>
		<property name="username" value="sim_plane"></property>
		<property name="password" value="1234"></property>

	</bean>

	<!-- HikariDataSource가 Connection Pool 생성하는 기능을 담당 -->
	<bean id="dataSource" class="com.zaxxer.hikari.HikariDataSource" destroy-method="close">
		<constructor-arg ref="hikariConfig"></constructor-arg>
	</bean>

	<!--  mapper interface를 참조해서 메소드 구현 처리 -->
	<bean id="sqlSessionFactory" class="org.mybatis.spring.SqlSessionFactoryBean">
		<property name="dataSource" ref="dataSource"></property>
	</bean>

	<!--<bean class="org.mybatis.spring.mapper.MapperScannerConfigurer">
		<property name="basePackage" value="com.simplane.mapper"/>
	</bean>-->

	<bean id="transactionManager" class="org.springframework.jdbc.datasource.DataSourceTransactionManager">
		<property name="dataSource" ref="dataSource"/>
	</bean>

	<bean id="passwordEncoder" class="org.springframework.security.crypto.bcrypt.BCryptPasswordEncoder"/>

	<tx:annotation-driven transaction-manager="transactionManager" />

	<tx:annotation-driven/>

	<mybatis-spring:scan base-package="com.simplane.mapper"/>
	<context:component-scan base-package="com.simplane.service" />
	<context:component-scan base-package="com.simplane.security" />



</beans>