<?xml version="1.0" encoding="UTF-8"?>
<beans:beans xmlns="http://www.springframework.org/schema/security"
             xmlns:beans="http://www.springframework.org/schema/beans"
             xmlns:xsi="http://www.w3.org/2001/XMLSchema-instance"
             xsi:schemaLocation="
                http://www.springframework.org/schema/security
                https://www.springframework.org/schema/security/spring-security.xsd
                http://www.springframework.org/schema/beans
                https://www.springframework.org/schema/beans/spring-beans.xsd">

    <!--권한 계층 설정-->
    <beans:bean id="roleHierarchy" class="org.springframework.security.access.hierarchicalroles.RoleHierarchyImpl">
        <beans:property name="hierarchy" value="ROLE_ADMIN > ROLE_USER"/>
    </beans:bean>

    <!-- Expression Handler에 RoleHierarchy 주입 -->
    <beans:bean id="methodSecurityExpressionHandler" class="org.springframework.security.access.expression.method.DefaultMethodSecurityExpressionHandler">
        <beans:property name="roleHierarchy" ref="roleHierarchy"/>
    </beans:bean>

    <beans:bean id="bcryptPasswordEncoder"
                class="org.springframework.security.crypto.bcrypt.BCryptPasswordEncoder"></beans:bean>


    <!-- 모든 요청 인증 필요 -->
    <http auto-config="true" use-expressions="true">
        <!-- 관리자만 접근 가능한 URL -->
        <intercept-url pattern="/admin/**" access="hasRole('ADMIN')" />

        <!-- 일반 사용자 접근 가능한 URL -->
        <intercept-url pattern="/user/**" access="hasRole('USER')" />

        <!-- 누구나 접근 가능한 URL -->
        <intercept-url pattern="/resources/**" access="permitAll()" />
        <intercept-url pattern="/login" access="permitAll()" /> <!-- 로그인 -->
        <intercept-url pattern="/signup" access="permitAll()" /><!-- 회원가입 -->
        <intercept-url pattern="/" access="permitAll()" /><!-- 홈페이지 -->
        <intercept-url pattern="/board/list" access="permitAll()"/><!-- 게시판 -->
        <intercept-url pattern="/checkUsername" access="permitAll()" /><!-- 중복확인체크 -->
        <intercept-url pattern="/test/**" access="permitAll()" />
        <intercept-url pattern="/fortune/**" access="permitAll()" />


        <!-- 그 외는 로그인한 사용자만 -->
        <intercept-url pattern="/**" access="isAuthenticated()" />

        <form-login
                default-target-url="/"
                always-use-default-target="true"
        />
        <logout logout-success-url="/login"/>
        <csrf disabled="true"/>
    </http>

    <authentication-manager>
        <!-- 테스트용 계정 (비암호화 로그인용) -->
        <authentication-provider>
            <user-service>
                <user name="user" password="{noop}password" authorities="ROLE_USER"/>
            </user-service>
        </authentication-provider>

        <!-- 실제 DB 사용자용 -->
        <authentication-provider user-service-ref="customUserDetailsService">
            <password-encoder ref="bcryptPasswordEncoder"/>
        </authentication-provider>
    </authentication-manager>


</beans:beans>